week,id,name,category,description,typical_week,early_range_start,early_range_end,normal_range_start,normal_range_end,late_start_week,red_flag_week,early_parent_copy,normal_parent_copy,late_parent_copy,red_flag_parent_copy,early_badge_name,early_badge_copy,normal_badge_name,normal_badge_copy
1,wk1_recognises_your_voice,Recognises your voice,social_emotional,"Baby is soothed by your voice and smell, beginning early bonding.",1,0,0,1,9,10,17,"Your baby is showing social-emotional milestone 'Recognises your voice' a bit early, which can be perfectly normal. Enjoy the connection and keep following their lead.","'Recognises your voice' is within the usual range. Every baby is unique, and you’re supporting great development by responding to their cues and playing together.","Social milestones like 'Recognises your voice' can vary. Offer face-to-face time, gentle play, and predictable routines to help your baby feel secure.","If you rarely see 'Recognises your voice' and your baby seems very hard to engage or comfort, it’s worth discussing this with your pediatrician.",Milestone Ahead,'Recognises your voice' showed up a little early. Every baby has their own pace—enjoy this moment.,Milestone Reached,'Recognises your voice' has been reached—lovely progress. Take a second to celebrate this stage.
2,wk2_briefly_tracks_faces,Briefly tracks faces,cognitive,Baby can briefly follow your face or a high-contrast object with their eyes.,2,0,1,2,10,11,18,"Your baby reached 'Briefly tracks faces' a bit earlier than average. Babies develop at their own pace, and early can be perfectly normal if your baby seems comfortable and happy.","'Briefly tracks faces' is within the usual range. Every baby is unique, and you’re supporting great development by responding to their cues and playing together.",Your baby is taking a little longer to reach 'Briefly tracks faces'. Many babies do skills slightly later and still grow typically. You can support this milestone with simple daily play.,"Because many babies have reached 'Briefly tracks faces' by now, it may help to mention this to your pediatrician, especially if you also have other concerns.",,,,
3,wk3_snuggles_into_your_body,Snuggles into your body,social_emotional,"Baby adjusts posture and moulds into you when held, showing comfort.",3,0,2,3,11,12,19,"Your baby is showing social-emotional milestone 'Snuggles into your body' a bit early, which can be perfectly normal. Enjoy the connection and keep following their lead.","'Snuggles into your body' is within the usual range. Every baby is unique, and you’re supporting great development by responding to their cues and playing together.","Social milestones like 'Snuggles into your body' can vary. Offer face-to-face time, gentle play, and predictable routines to help your baby feel secure.","If you rarely see 'Snuggles into your body' and your baby seems very hard to engage or comfort, it’s worth discussing this with your pediatrician.",Milestone Ahead,'Snuggles into your body' showed up a little early. Every baby has their own pace—enjoy this moment.,Milestone Reached,'Snuggles into your body' has been reached—lovely progress. Take a second to celebrate this stage.
4,wk4_first_cooing_sounds,First cooing sounds,language,Baby makes soft coo or 'ahh' sounds beyond just crying.,4,1,3,4,12,13,20,"Your baby reached 'First cooing sounds' a bit earlier than average. Babies develop at their own pace, and early can be perfectly normal if your baby seems comfortable and happy.","'First cooing sounds' is within the usual range. Every baby is unique, and you’re supporting great development by responding to their cues and playing together.","Communication skills like 'First cooing sounds' can come a bit later for some babies. Talk, sing, name objects, and read out loud every day to support language.","If you don’t see signs of 'First cooing sounds' and your baby also makes few sounds or responses, please bring this up with your pediatrician.",Milestone Ahead,'First cooing sounds' showed up a little early. Every baby has their own pace—enjoy this moment.,Milestone Reached,'First cooing sounds' has been reached—lovely progress. Take a second to celebrate this stage.
4,wk4_responds_to_your_smile,Responds to your smile,social_emotional,Baby may brighten or move more when you smile at them.,4,1,3,4,12,13,20,"Your baby is showing social-emotional milestone 'Responds to your smile' a bit early, which can be perfectly normal. Enjoy the connection and keep following their lead.","'Responds to your smile' is within the usual range. Every baby is unique, and you’re supporting great development by responding to their cues and playing together.","Social milestones like 'Responds to your smile' can vary. Offer face-to-face time, gentle play, and predictable routines to help your baby feel secure.","If you rarely see 'Responds to your smile' and your baby seems very hard to engage or comfort, it’s worth discussing this with your pediatrician.",Milestone Ahead,'Responds to your smile' showed up a little early. Every baby has their own pace—enjoy this moment.,Milestone Reached,'Responds to your smile' has been reached—lovely progress. Take a second to celebrate this stage.
5,wk5_smoother_arm_and_leg_movements,Smoother arm and leg movements,gross_motor,Flailing becomes a bit more controlled; movements look smoother.,5,2,4,5,13,14,21,"Your baby reached 'Smoother arm and leg movements' a bit earlier than average. Babies develop at their own pace, and early can be perfectly normal if your baby seems comfortable and happy.","'Smoother arm and leg movements' is within the usual range. Every baby is unique, and you’re supporting great development by responding to their cues and playing together.","Gross motor skills like 'Smoother arm and leg movements' can vary a lot. Encourage floor time, safe movement, and exploration. If you stay concerned, talk with your pediatrician.","If your baby still hasn’t reached 'Smoother arm and leg movements' and you’re worried about strength or movement, it’s a good idea to speak with your pediatrician for guidance.",Milestone Ahead,'Smoother arm and leg movements' showed up a little early. Every baby has their own pace—enjoy this moment.,Milestone Reached,'Smoother arm and leg movements' has been reached—lovely progress. Take a second to celebrate this stage.
6,wk6_social_smile,Social smile,social_emotional,"Baby smiles in response to your face, voice, or interaction.",6,3,5,6,14,15,22,"Your baby is showing social-emotional milestone 'Social smile' a bit early, which can be perfectly normal. Enjoy the connection and keep following their lead.","'Social smile' is within the usual range. Every baby is unique, and you’re supporting great development by responding to their cues and playing together.","Social milestones like 'Social smile' can vary. Offer face-to-face time, gentle play, and predictable routines to help your baby feel secure.","If you rarely see 'Social smile' and your baby seems very hard to engage or comfort, it’s worth discussing this with your pediatrician.",Early Smiler,Those early smiles are pure magic. Your baby is loving the connection.,Milestone Reached,'Social smile' has been reached—lovely progress. Take a second to celebrate this stage.
6,wk6_looks_at_you_during_feeds,Looks at you during feeds,social_emotional,Baby makes more eye contact while feeding or being held.,6,3,5,6,14,15,22,"Your baby is showing social-emotional milestone 'Looks at you during feeds' a bit early, which can be perfectly normal. Enjoy the connection and keep following their lead.","'Looks at you during feeds' is within the usual range. Every baby is unique, and you’re supporting great development by responding to their cues and playing together.","Social milestones like 'Looks at you during feeds' can vary. Offer face-to-face time, gentle play, and predictable routines to help your baby feel secure.","If you rarely see 'Looks at you during feeds' and your baby seems very hard to engage or comfort, it’s worth discussing this with your pediatrician.",Milestone Ahead,'Looks at you during feeds' showed up a little early. Every baby has their own pace—enjoy this moment.,Milestone Reached,'Looks at you during feeds' has been reached—lovely progress. Take a second to celebrate this stage.
7,wk7_watches_and_listens_together,Watches and listens together,cognitive,"Baby links your face and voice, staring at your mouth and eyes.",7,4,6,7,15,16,23,"Your baby reached 'Watches and listens together' a bit earlier than average. Babies develop at their own pace, and early can be perfectly normal if your baby seems comfortable and happy.","'Watches and listens together' is within the usual range. Every baby is unique, and you’re supporting great development by responding to their cues and playing together.",Your baby is taking a little longer to reach 'Watches and listens together'. Many babies do skills slightly later and still grow typically. You can support this milestone with simple daily play.,"Because many babies have reached 'Watches and listens together' by now, it may help to mention this to your pediatrician, especially if you also have other concerns.",,,,
8,wk8_lifts_head_during_tummy_time,Lifts head during tummy time,gross_motor,Baby lifts head and upper chest briefly when on tummy.,8,5,7,8,16,17,24,"Your baby reached 'Lifts head during tummy time' a bit earlier than average. Babies develop at their own pace, and early can be perfectly normal if your baby seems comfortable and happy.","'Lifts head during tummy time' is within the usual range. Every baby is unique, and you’re supporting great development by responding to their cues and playing together.","Gross motor skills like 'Lifts head during tummy time' can vary a lot. Encourage floor time, safe movement, and exploration. If you stay concerned, talk with your pediatrician.","If your baby still hasn’t reached 'Lifts head during tummy time' and you’re worried about strength or movement, it’s a good idea to speak with your pediatrician for guidance.",Milestone Ahead,'Lifts head during tummy time' showed up a little early. Every baby has their own pace—enjoy this moment.,Milestone Reached,'Lifts head during tummy time' has been reached—lovely progress. Take a second to celebrate this stage.
8,wk8_holds_gaze_on_a_toy,Holds gaze on a toy,cognitive,Baby can keep eyes on a toy or face a little longer.,8,5,7,8,16,17,24,"Your baby reached 'Holds gaze on a toy' a bit earlier than average. Babies develop at their own pace, and early can be perfectly normal if your baby seems comfortable and happy.","'Holds gaze on a toy' is within the usual range. Every baby is unique, and you’re supporting great development by responding to their cues and playing together.",Your baby is taking a little longer to reach 'Holds gaze on a toy'. Many babies do skills slightly later and still grow typically. You can support this milestone with simple daily play.,"Because many babies have reached 'Holds gaze on a toy' by now, it may help to mention this to your pediatrician, especially if you also have other concerns.",,,,
9,wk9_more_cooing_and_vowel_sounds,More cooing and vowel sounds,language,Baby coos more often and may vary pitch and volume.,9,6,8,9,17,18,25,"Your baby reached 'More cooing and vowel sounds' a bit earlier than average. Babies develop at their own pace, and early can be perfectly normal if your baby seems comfortable and happy.","'More cooing and vowel sounds' is within the usual range. Every baby is unique, and you’re supporting great development by responding to their cues and playing together.","Communication skills like 'More cooing and vowel sounds' can come a bit later for some babies. Talk, sing, name objects, and read out loud every day to support language.","If you don’t see signs of 'More cooing and vowel sounds' and your baby also makes few sounds or responses, please bring this up with your pediatrician.",Milestone Ahead,'More cooing and vowel sounds' showed up a little early. Every baby has their own pace—enjoy this moment.,Milestone Reached,'More cooing and vowel sounds' has been reached—lovely progress. Take a second to celebrate this stage.
10,wk10_recognises_familiar_faces,Recognises familiar faces,social_emotional,Baby shows excitement when seeing primary caregivers.,10,7,9,10,18,19,26,"Your baby is showing social-emotional milestone 'Recognises familiar faces' a bit early, which can be perfectly normal. Enjoy the connection and keep following their lead.","'Recognises familiar faces' is within the usual range. Every baby is unique, and you’re supporting great development by responding to their cues and playing together.","Social milestones like 'Recognises familiar faces' can vary. Offer face-to-face time, gentle play, and predictable routines to help your baby feel secure.","If you rarely see 'Recognises familiar faces' and your baby seems very hard to engage or comfort, it’s worth discussing this with your pediatrician.",Milestone Ahead,'Recognises familiar faces' showed up a little early. Every baby has their own pace—enjoy this moment.,Milestone Reached,'Recognises familiar faces' has been reached—lovely progress. Take a second to celebrate this stage.
11,wk11_looks_away_when_overstimulated,Looks away when overstimulated,regulation,Baby turns head or looks away when they’ve had enough interaction.,11,8,10,11,19,20,27,"Your baby reached 'Looks away when overstimulated' a bit earlier than average. Babies develop at their own pace, and early can be perfectly normal if your baby seems comfortable and happy.","'Looks away when overstimulated' is within the usual range. Every baby is unique, and you’re supporting great development by responding to their cues and playing together.",Your baby is taking a little longer to reach 'Looks away when overstimulated'. Many babies do skills slightly later and still grow typically. You can support this milestone with simple daily play.,"Because many babies have reached 'Looks away when overstimulated' by now, it may help to mention this to your pediatrician, especially if you also have other concerns.",,,,
12,wk12_discovers_hands,Discovers hands,fine_motor,Baby watches hands and brings them together or to the mouth.,12,9,11,12,20,21,28,"Your baby reached 'Discovers hands' a bit earlier than average. Babies develop at their own pace, and early can be perfectly normal if your baby seems comfortable and happy.","'Discovers hands' is within the usual range. Every baby is unique, and you’re supporting great development by responding to their cues and playing together.",Your baby is taking a little longer to reach 'Discovers hands'. Many babies do skills slightly later and still grow typically. You can support this milestone with simple daily play.,"Because many babies have reached 'Discovers hands' by now, it may help to mention this to your pediatrician, especially if you also have other concerns.",Hand Explorer,Your baby is discovering their hands early—so much to grab and feel.,Milestone Reached,'Discovers hands' has been reached—lovely progress. Take a second to celebrate this stage.
12,wk12_brings_hands_to_midline,Brings hands to midline,gross_motor,Baby can bring both hands together in front of their body.,12,9,11,12,20,21,28,"Your baby reached 'Brings hands to midline' a bit earlier than average. Babies develop at their own pace, and early can be perfectly normal if your baby seems comfortable and happy.","'Brings hands to midline' is within the usual range. Every baby is unique, and you’re supporting great development by responding to their cues and playing together.","Gross motor skills like 'Brings hands to midline' can vary a lot. Encourage floor time, safe movement, and exploration. If you stay concerned, talk with your pediatrician.","If your baby still hasn’t reached 'Brings hands to midline' and you’re worried about strength or movement, it’s a good idea to speak with your pediatrician for guidance.",Milestone Ahead,'Brings hands to midline' showed up a little early. Every baby has their own pace—enjoy this moment.,Milestone Reached,'Brings hands to midline' has been reached—lovely progress. Take a second to celebrate this stage.
13,wk13_laughs_out_loud,Laughs out loud,social_emotional,Baby giggles or laughs in response to play.,13,10,12,13,21,22,29,"Your baby is showing social-emotional milestone 'Laughs out loud' a bit early, which can be perfectly normal. Enjoy the connection and keep following their lead.","'Laughs out loud' is within the usual range. Every baby is unique, and you’re supporting great development by responding to their cues and playing together.","Social milestones like 'Laughs out loud' can vary. Offer face-to-face time, gentle play, and predictable routines to help your baby feel secure.","If you rarely see 'Laughs out loud' and your baby seems very hard to engage or comfort, it’s worth discussing this with your pediatrician.",Giggle Starter,First laughs came early—your baby clearly loves your sense of humour.,Milestone Reached,'Laughs out loud' has been reached—lovely progress. Take a second to celebrate this stage.
14,wk14_bats_at_toys,Bats at toys,fine_motor,Baby swipes or bats at dangling toys with hands.,14,11,13,14,22,23,30,"Your baby reached 'Bats at toys' a bit earlier than average. Babies develop at their own pace, and early can be perfectly normal if your baby seems comfortable and happy.","'Bats at toys' is within the usual range. Every baby is unique, and you’re supporting great development by responding to their cues and playing together.",Your baby is taking a little longer to reach 'Bats at toys'. Many babies do skills slightly later and still grow typically. You can support this milestone with simple daily play.,"Because many babies have reached 'Bats at toys' by now, it may help to mention this to your pediatrician, especially if you also have other concerns.",Milestone Ahead,'Bats at toys' showed up a little early. Every baby has their own pace—enjoy this moment.,Milestone Reached,'Bats at toys' has been reached—lovely progress. Take a second to celebrate this stage.
15,wk15_rolls_over_one_direction,Rolls over (one direction),gross_motor,Baby may roll from tummy to back or back to tummy.,15,10,14,15,24,25,28,"Your baby reached 'Rolls over (one direction)' a bit earlier than average. Babies develop at their own pace, and early can be perfectly normal if your baby seems comfortable and happy.","'Rolls over (one direction)' is within the usual range. Every baby is unique, and you’re supporting great development by responding to their cues and playing together.","Gross motor skills like 'Rolls over (one direction)' can vary a lot. Encourage floor time, safe movement, and exploration. If you stay concerned, talk with your pediatrician.","If your baby still hasn’t reached 'Rolls over (one direction)' and you’re worried about strength or movement, it’s a good idea to speak with your pediatrician for guidance.",Early Roller,Your baby rolled earlier than most—time to double-check those changing tables and sofas!,Milestone Reached,'Rolls over (one direction)' has been reached—lovely progress. Take a second to celebrate this stage.
15,wk15_grabs_toys_with_both_hands,Grabs toys with both hands,fine_motor,Baby can hold a toy with both hands briefly.,15,12,14,15,23,24,31,"Your baby reached 'Grabs toys with both hands' a bit earlier than average. Babies develop at their own pace, and early can be perfectly normal if your baby seems comfortable and happy.","'Grabs toys with both hands' is within the usual range. Every baby is unique, and you’re supporting great development by responding to their cues and playing together.",Your baby is taking a little longer to reach 'Grabs toys with both hands'. Many babies do skills slightly later and still grow typically. You can support this milestone with simple daily play.,"Because many babies have reached 'Grabs toys with both hands' by now, it may help to mention this to your pediatrician, especially if you also have other concerns.",Milestone Ahead,'Grabs toys with both hands' showed up a little early. Every baby has their own pace—enjoy this moment.,Milestone Reached,'Grabs toys with both hands' has been reached—lovely progress. Take a second to celebrate this stage.
16,wk16_holds_head_steady_when_supported,Holds head steady when supported,gross_motor,Baby holds head more steadily when held upright or sitting with support.,16,13,15,16,24,25,32,"Your baby reached 'Holds head steady when supported' a bit earlier than average. Babies develop at their own pace, and early can be perfectly normal if your baby seems comfortable and happy.","'Holds head steady when supported' is within the usual range. Every baby is unique, and you’re supporting great development by responding to their cues and playing together.","Gross motor skills like 'Holds head steady when supported' can vary a lot. Encourage floor time, safe movement, and exploration. If you stay concerned, talk with your pediatrician.","If your baby still hasn’t reached 'Holds head steady when supported' and you’re worried about strength or movement, it’s a good idea to speak with your pediatrician for guidance.",Milestone Ahead,'Holds head steady when supported' showed up a little early. Every baby has their own pace—enjoy this moment.,Milestone Reached,'Holds head steady when supported' has been reached—lovely progress. Take a second to celebrate this stage.
17,wk17_blows_raspberries,Blows raspberries,language,Baby makes razzing or raspberry sounds with lips and tongue.,17,14,16,17,25,26,33,"Your baby reached 'Blows raspberries' a bit earlier than average. Babies develop at their own pace, and early can be perfectly normal if your baby seems comfortable and happy.","'Blows raspberries' is within the usual range. Every baby is unique, and you’re supporting great development by responding to their cues and playing together.","Communication skills like 'Blows raspberries' can come a bit later for some babies. Talk, sing, name objects, and read out loud every day to support language.","If you don’t see signs of 'Blows raspberries' and your baby also makes few sounds or responses, please bring this up with your pediatrician.",Milestone Ahead,'Blows raspberries' showed up a little early. Every baby has their own pace—enjoy this moment.,Milestone Reached,'Blows raspberries' has been reached—lovely progress. Take a second to celebrate this stage.
18,wk18_engages_in_short_solo_play,Engages in short solo play,cognitive,Baby can stay briefly engaged with a toy on their own.,18,15,17,18,26,27,34,"Your baby reached 'Engages in short solo play' a bit earlier than average. Babies develop at their own pace, and early can be perfectly normal if your baby seems comfortable and happy.","'Engages in short solo play' is within the usual range. Every baby is unique, and you’re supporting great development by responding to their cues and playing together.",Your baby is taking a little longer to reach 'Engages in short solo play'. Many babies do skills slightly later and still grow typically. You can support this milestone with simple daily play.,"Because many babies have reached 'Engages in short solo play' by now, it may help to mention this to your pediatrician, especially if you also have other concerns.",,,,
19,wk19_babbles_consonant_vowel_sounds,Babbles consonant-vowel sounds,language,"Baby strings sounds like 'baba', 'gaga', 'dada' (no meaning yet).",19,16,18,19,27,28,35,"Your baby reached 'Babbles consonant-vowel sounds' a bit earlier than average. Babies develop at their own pace, and early can be perfectly normal if your baby seems comfortable and happy.","'Babbles consonant-vowel sounds' is within the usual range. Every baby is unique, and you’re supporting great development by responding to their cues and playing together.","Communication skills like 'Babbles consonant-vowel sounds' can come a bit later for some babies. Talk, sing, name objects, and read out loud every day to support language.","If you don’t see signs of 'Babbles consonant-vowel sounds' and your baby also makes few sounds or responses, please bring this up with your pediatrician.",Milestone Ahead,'Babbles consonant-vowel sounds' showed up a little early. Every baby has their own pace—enjoy this moment.,Milestone Reached,'Babbles consonant-vowel sounds' has been reached—lovely progress. Take a second to celebrate this stage.
19,wk19_shows_excitement_when_you_appear,Shows excitement when you appear,social_emotional,"Baby kicks, waves arms or squeals when they see you.",19,16,18,19,27,28,35,"Your baby is showing social-emotional milestone 'Shows excitement when you appear' a bit early, which can be perfectly normal. Enjoy the connection and keep following their lead.","'Shows excitement when you appear' is within the usual range. Every baby is unique, and you’re supporting great development by responding to their cues and playing together.","Social milestones like 'Shows excitement when you appear' can vary. Offer face-to-face time, gentle play, and predictable routines to help your baby feel secure.","If you rarely see 'Shows excitement when you appear' and your baby seems very hard to engage or comfort, it’s worth discussing this with your pediatrician.",Milestone Ahead,'Shows excitement when you appear' showed up a little early. Every baby has their own pace—enjoy this moment.,Milestone Reached,'Shows excitement when you appear' has been reached—lovely progress. Take a second to celebrate this stage.
20,wk20_enjoys_mirror_and_own_reflection,Enjoys mirror and own reflection,social_emotional,Baby smiles or reacts to their reflection in the mirror.,20,17,19,20,28,29,36,"Your baby is showing social-emotional milestone 'Enjoys mirror and own reflection' a bit early, which can be perfectly normal. Enjoy the connection and keep following their lead.","'Enjoys mirror and own reflection' is within the usual range. Every baby is unique, and you’re supporting great development by responding to their cues and playing together.","Social milestones like 'Enjoys mirror and own reflection' can vary. Offer face-to-face time, gentle play, and predictable routines to help your baby feel secure.","If you rarely see 'Enjoys mirror and own reflection' and your baby seems very hard to engage or comfort, it’s worth discussing this with your pediatrician.",Milestone Ahead,'Enjoys mirror and own reflection' showed up a little early. Every baby has their own pace—enjoy this moment.,Milestone Reached,'Enjoys mirror and own reflection' has been reached—lovely progress. Take a second to celebrate this stage.
21,wk21_scoots_or_shuffles_on_tummy,Scoots or shuffles on tummy,gross_motor,Baby may push backwards or sideways to move on the floor.,21,18,20,21,29,30,37,"Your baby reached 'Scoots or shuffles on tummy' a bit earlier than average. Babies develop at their own pace, and early can be perfectly normal if your baby seems comfortable and happy.","'Scoots or shuffles on tummy' is within the usual range. Every baby is unique, and you’re supporting great development by responding to their cues and playing together.","Gross motor skills like 'Scoots or shuffles on tummy' can vary a lot. Encourage floor time, safe movement, and exploration. If you stay concerned, talk with your pediatrician.","If your baby still hasn’t reached 'Scoots or shuffles on tummy' and you’re worried about strength or movement, it’s a good idea to speak with your pediatrician for guidance.",Milestone Ahead,'Scoots or shuffles on tummy' showed up a little early. Every baby has their own pace—enjoy this moment.,Milestone Reached,'Scoots or shuffles on tummy' has been reached—lovely progress. Take a second to celebrate this stage.
22,wk22_grabs_and_mouths_toys,Grabs and mouths toys,fine_motor,Baby grasps toys and explores them with the mouth.,22,19,21,22,30,31,38,"Your baby reached 'Grabs and mouths toys' a bit earlier than average. Babies develop at their own pace, and early can be perfectly normal if your baby seems comfortable and happy.","'Grabs and mouths toys' is within the usual range. Every baby is unique, and you’re supporting great development by responding to their cues and playing together.",Your baby is taking a little longer to reach 'Grabs and mouths toys'. Many babies do skills slightly later and still grow typically. You can support this milestone with simple daily play.,"Because many babies have reached 'Grabs and mouths toys' by now, it may help to mention this to your pediatrician, especially if you also have other concerns.",Milestone Ahead,'Grabs and mouths toys' showed up a little early. Every baby has their own pace—enjoy this moment.,Milestone Reached,'Grabs and mouths toys' has been reached—lovely progress. Take a second to celebrate this stage.
23,wk23_bounces_with_support,Bounces with support,gross_motor,Baby enjoys standing with support and bouncing.,23,20,22,23,31,32,39,"Your baby reached 'Bounces with support' a bit earlier than average. Babies develop at their own pace, and early can be perfectly normal if your baby seems comfortable and happy.","'Bounces with support' is within the usual range. Every baby is unique, and you’re supporting great development by responding to their cues and playing together.","Gross motor skills like 'Bounces with support' can vary a lot. Encourage floor time, safe movement, and exploration. If you stay concerned, talk with your pediatrician.","If your baby still hasn’t reached 'Bounces with support' and you’re worried about strength or movement, it’s a good idea to speak with your pediatrician for guidance.",Milestone Ahead,'Bounces with support' showed up a little early. Every baby has their own pace—enjoy this moment.,Milestone Reached,'Bounces with support' has been reached—lovely progress. Take a second to celebrate this stage.
24,wk24_responds_to_name_and_no,Responds to name and 'no',language,Baby turns to their name and may react to 'no' or familiar words.,24,21,23,24,32,33,40,"Your baby reached 'Responds to name and 'no'' a bit earlier than average. Babies develop at their own pace, and early can be perfectly normal if your baby seems comfortable and happy.","'Responds to name and 'no'' is within the usual range. Every baby is unique, and you’re supporting great development by responding to their cues and playing together.","Communication skills like 'Responds to name and 'no'' can come a bit later for some babies. Talk, sing, name objects, and read out loud every day to support language.","If you don’t see signs of 'Responds to name and 'no'' and your baby also makes few sounds or responses, please bring this up with your pediatrician.",Milestone Ahead,'Responds to name and 'no'' showed up a little early. Every baby has their own pace—enjoy this moment.,Milestone Reached,'Responds to name and 'no'' has been reached—lovely progress. Take a second to celebrate this stage.
24,wk24_transfers_toys_between_hands,Transfers toys between hands,fine_motor,Baby moves a toy from one hand to the other.,24,21,23,24,32,33,40,"Your baby reached 'Transfers toys between hands' a bit earlier than average. Babies develop at their own pace, and early can be perfectly normal if your baby seems comfortable and happy.","'Transfers toys between hands' is within the usual range. Every baby is unique, and you’re supporting great development by responding to their cues and playing together.",Your baby is taking a little longer to reach 'Transfers toys between hands'. Many babies do skills slightly later and still grow typically. You can support this milestone with simple daily play.,"Because many babies have reached 'Transfers toys between hands' by now, it may help to mention this to your pediatrician, especially if you also have other concerns.",Milestone Ahead,'Transfers toys between hands' showed up a little early. Every baby has their own pace—enjoy this moment.,Milestone Reached,'Transfers toys between hands' has been reached—lovely progress. Take a second to celebrate this stage.
25,wk25_sits_with_minimal_support,Sits with minimal support,gross_motor,Baby sits with support from hands or a pillow behind.,25,22,24,25,33,34,41,"Your baby reached 'Sits with minimal support' a bit earlier than average. Babies develop at their own pace, and early can be perfectly normal if your baby seems comfortable and happy.","'Sits with minimal support' is within the usual range. Every baby is unique, and you’re supporting great development by responding to their cues and playing together.","Gross motor skills like 'Sits with minimal support' can vary a lot. Encourage floor time, safe movement, and exploration. If you stay concerned, talk with your pediatrician.","If your baby still hasn’t reached 'Sits with minimal support' and you’re worried about strength or movement, it’s a good idea to speak with your pediatrician for guidance.",Milestone Ahead,'Sits with minimal support' showed up a little early. Every baby has their own pace—enjoy this moment.,Milestone Reached,'Sits with minimal support' has been reached—lovely progress. Take a second to celebrate this stage.
26,wk26_shows_stranger_anxiety,Shows stranger anxiety,social_emotional,Baby may cling to familiar adults and be wary of strangers.,26,23,25,26,34,35,42,"Your baby is showing social-emotional milestone 'Shows stranger anxiety' a bit early, which can be perfectly normal. Enjoy the connection and keep following their lead.","'Shows stranger anxiety' is within the usual range. Every baby is unique, and you’re supporting great development by responding to their cues and playing together.","Social milestones like 'Shows stranger anxiety' can vary. Offer face-to-face time, gentle play, and predictable routines to help your baby feel secure.","If you rarely see 'Shows stranger anxiety' and your baby seems very hard to engage or comfort, it’s worth discussing this with your pediatrician.",Milestone Ahead,'Shows stranger anxiety' showed up a little early. Every baby has their own pace—enjoy this moment.,Milestone Reached,'Shows stranger anxiety' has been reached—lovely progress. Take a second to celebrate this stage.
27,wk27_drops_objects_to_see_what_happens,Drops objects to see what happens,cognitive,Baby deliberately drops toys to watch and listen.,27,24,26,27,35,36,43,"Your baby reached 'Drops objects to see what happens' a bit earlier than average. Babies develop at their own pace, and early can be perfectly normal if your baby seems comfortable and happy.","'Drops objects to see what happens' is within the usual range. Every baby is unique, and you’re supporting great development by responding to their cues and playing together.",Your baby is taking a little longer to reach 'Drops objects to see what happens'. Many babies do skills slightly later and still grow typically. You can support this milestone with simple daily play.,"Because many babies have reached 'Drops objects to see what happens' by now, it may help to mention this to your pediatrician, especially if you also have other concerns.",,,,
28,wk28_shows_readiness_for_solids,Shows readiness for solids,feeding,Baby has good head control and shows interest in food.,28,25,27,28,36,37,44,"Your baby reached 'Shows readiness for solids' a bit earlier than average. Babies develop at their own pace, and early can be perfectly normal if your baby seems comfortable and happy.","'Shows readiness for solids' is within the usual range. Every baby is unique, and you’re supporting great development by responding to their cues and playing together.",Your baby is taking a little longer to reach 'Shows readiness for solids'. Many babies do skills slightly later and still grow typically. You can support this milestone with simple daily play.,"Because many babies have reached 'Shows readiness for solids' by now, it may help to mention this to your pediatrician, especially if you also have other concerns.",,,,
28,wk28_explores_food_with_hands,Explores food with hands,feeding,"Baby touches, squishes or brings small bits of food toward mouth.",28,25,27,28,36,37,44,"Your baby reached 'Explores food with hands' a bit earlier than average. Babies develop at their own pace, and early can be perfectly normal if your baby seems comfortable and happy.","'Explores food with hands' is within the usual range. Every baby is unique, and you’re supporting great development by responding to their cues and playing together.",Your baby is taking a little longer to reach 'Explores food with hands'. Many babies do skills slightly later and still grow typically. You can support this milestone with simple daily play.,"Because many babies have reached 'Explores food with hands' by now, it may help to mention this to your pediatrician, especially if you also have other concerns.",,,,
29,wk29_enjoys_simple_games_like_peek_a_boo,Enjoys simple games like peek-a-boo,social_emotional,Baby responds to social games like peek-a-boo or pat-a-cake.,29,26,28,29,37,38,45,"Your baby is showing social-emotional milestone 'Enjoys simple games like peek-a-boo' a bit early, which can be perfectly normal. Enjoy the connection and keep following their lead.","'Enjoys simple games like peek-a-boo' is within the usual range. Every baby is unique, and you’re supporting great development by responding to their cues and playing together.","Social milestones like 'Enjoys simple games like peek-a-boo' can vary. Offer face-to-face time, gentle play, and predictable routines to help your baby feel secure.","If you rarely see 'Enjoys simple games like peek-a-boo' and your baby seems very hard to engage or comfort, it’s worth discussing this with your pediatrician.",Milestone Ahead,'Enjoys simple games like peek-a-boo' showed up a little early. Every baby has their own pace—enjoy this moment.,Milestone Reached,'Enjoys simple games like peek-a-boo' has been reached—lovely progress. Take a second to celebrate this stage.
30,wk30_rocks_on_hands_and_knees,Rocks on hands and knees,gross_motor,"Baby may rock back and forth on hands and knees, preparing to crawl.",30,27,29,30,38,39,46,"Your baby reached 'Rocks on hands and knees' a bit earlier than average. Babies develop at their own pace, and early can be perfectly normal if your baby seems comfortable and happy.","'Rocks on hands and knees' is within the usual range. Every baby is unique, and you’re supporting great development by responding to their cues and playing together.","Gross motor skills like 'Rocks on hands and knees' can vary a lot. Encourage floor time, safe movement, and exploration. If you stay concerned, talk with your pediatrician.","If your baby still hasn’t reached 'Rocks on hands and knees' and you’re worried about strength or movement, it’s a good idea to speak with your pediatrician for guidance.",Milestone Ahead,'Rocks on hands and knees' showed up a little early. Every baby has their own pace—enjoy this moment.,Milestone Reached,'Rocks on hands and knees' has been reached—lovely progress. Take a second to celebrate this stage.
31,wk31_improving_pincer_grasp,Improving pincer grasp,fine_motor,Baby starts using thumb and finger to pick up small items.,31,28,30,31,39,40,47,"Your baby reached 'Improving pincer grasp' a bit earlier than average. Babies develop at their own pace, and early can be perfectly normal if your baby seems comfortable and happy.","'Improving pincer grasp' is within the usual range. Every baby is unique, and you’re supporting great development by responding to their cues and playing together.",Your baby is taking a little longer to reach 'Improving pincer grasp'. Many babies do skills slightly later and still grow typically. You can support this milestone with simple daily play.,"Because many babies have reached 'Improving pincer grasp' by now, it may help to mention this to your pediatrician, especially if you also have other concerns.",Milestone Ahead,'Improving pincer grasp' showed up a little early. Every baby has their own pace—enjoy this moment.,Milestone Reached,'Improving pincer grasp' has been reached—lovely progress. Take a second to celebrate this stage.
32,wk32_pulls_to_stand_at_furniture,Pulls to stand at furniture,gross_motor,Baby uses furniture or people to pull to a standing position.,32,29,31,32,40,41,48,"Your baby reached 'Pulls to stand at furniture' a bit earlier than average. Babies develop at their own pace, and early can be perfectly normal if your baby seems comfortable and happy.","'Pulls to stand at furniture' is within the usual range. Every baby is unique, and you’re supporting great development by responding to their cues and playing together.","Gross motor skills like 'Pulls to stand at furniture' can vary a lot. Encourage floor time, safe movement, and exploration. If you stay concerned, talk with your pediatrician.","If your baby still hasn’t reached 'Pulls to stand at furniture' and you’re worried about strength or movement, it’s a good idea to speak with your pediatrician for guidance.",Early Stand-Up,Standing up already? Your baby is working hard on strength and balance.,Milestone Reached,'Pulls to stand at furniture' has been reached—lovely progress. Take a second to celebrate this stage.
32,wk32_crawls_or_shuffles_to_move,Crawls or shuffles to move,gross_motor,Baby uses hands and knees or bottom-shuffling to get around.,32,26,30,31,44,45,52,"Your baby reached 'Crawls or shuffles to move' a bit earlier than average. Babies develop at their own pace, and early can be perfectly normal if your baby seems comfortable and happy.","'Crawls or shuffles to move' is within the usual range. Every baby is unique, and you’re supporting great development by responding to their cues and playing together.","Gross motor skills like 'Crawls or shuffles to move' can vary a lot. Encourage floor time, safe movement, and exploration. If you stay concerned, talk with your pediatrician.","If your baby still hasn’t reached 'Crawls or shuffles to move' and you’re worried about strength or movement, it’s a good idea to speak with your pediatrician for guidance.",Early Explorer,"Your baby started moving around early—hello, babyproofing!",Milestone Reached,'Crawls or shuffles to move' has been reached—lovely progress. Take a second to celebrate this stage.
33,wk33_shows_strong_likes_and_dislikes,Shows strong likes and dislikes,social_emotional,"Baby clearly prefers certain toys, people, or routines.",33,30,32,33,41,42,49,"Your baby is showing social-emotional milestone 'Shows strong likes and dislikes' a bit early, which can be perfectly normal. Enjoy the connection and keep following their lead.","'Shows strong likes and dislikes' is within the usual range. Every baby is unique, and you’re supporting great development by responding to their cues and playing together.","Social milestones like 'Shows strong likes and dislikes' can vary. Offer face-to-face time, gentle play, and predictable routines to help your baby feel secure.","If you rarely see 'Shows strong likes and dislikes' and your baby seems very hard to engage or comfort, it’s worth discussing this with your pediatrician.",Milestone Ahead,'Shows strong likes and dislikes' showed up a little early. Every baby has their own pace—enjoy this moment.,Milestone Reached,'Shows strong likes and dislikes' has been reached—lovely progress. Take a second to celebrate this stage.
34,wk34_cruises_along_furniture,Cruises along furniture,gross_motor,Baby walks sideways while holding onto furniture.,34,31,33,34,42,43,50,"Your baby reached 'Cruises along furniture' a bit earlier than average. Babies develop at their own pace, and early can be perfectly normal if your baby seems comfortable and happy.","'Cruises along furniture' is within the usual range. Every baby is unique, and you’re supporting great development by responding to their cues and playing together.","Gross motor skills like 'Cruises along furniture' can vary a lot. Encourage floor time, safe movement, and exploration. If you stay concerned, talk with your pediatrician.","If your baby still hasn’t reached 'Cruises along furniture' and you’re worried about strength or movement, it’s a good idea to speak with your pediatrician for guidance.",Milestone Ahead,'Cruises along furniture' showed up a little early. Every baby has their own pace—enjoy this moment.,Milestone Reached,'Cruises along furniture' has been reached—lovely progress. Take a second to celebrate this stage.
34,wk34_points_or_reaches_toward_wanted_items,Points or reaches toward wanted items,communication,Baby indicates interest by pointing or leaning.,34,31,33,34,42,43,50,"Your baby reached 'Points or reaches toward wanted items' a bit earlier than average. Babies develop at their own pace, and early can be perfectly normal if your baby seems comfortable and happy.","'Points or reaches toward wanted items' is within the usual range. Every baby is unique, and you’re supporting great development by responding to their cues and playing together.","Communication skills like 'Points or reaches toward wanted items' can come a bit later for some babies. Talk, sing, name objects, and read out loud every day to support language.","If you don’t see signs of 'Points or reaches toward wanted items' and your baby also makes few sounds or responses, please bring this up with your pediatrician.",Milestone Ahead,'Points or reaches toward wanted items' showed up a little early. Every baby has their own pace—enjoy this moment.,Milestone Reached,'Points or reaches toward wanted items' has been reached—lovely progress. Take a second to celebrate this stage.
35,wk35_understands_simple_words,Understands simple words,language,"Baby recognises words like 'ball', 'bottle' or 'bye-bye'.",35,32,34,35,43,44,51,"Your baby reached 'Understands simple words' a bit earlier than average. Babies develop at their own pace, and early can be perfectly normal if your baby seems comfortable and happy.","'Understands simple words' is within the usual range. Every baby is unique, and you’re supporting great development by responding to their cues and playing together.","Communication skills like 'Understands simple words' can come a bit later for some babies. Talk, sing, name objects, and read out loud every day to support language.","If you don’t see signs of 'Understands simple words' and your baby also makes few sounds or responses, please bring this up with your pediatrician.",Milestone Ahead,'Understands simple words' showed up a little early. Every baby has their own pace—enjoy this moment.,Milestone Reached,'Understands simple words' has been reached—lovely progress. Take a second to celebrate this stage.
36,wk36_plays_simple_cause_and_effect_games,Plays simple cause-and-effect games,cognitive,"Baby pushes, bangs, or drops items to cause predictable effects.",36,33,35,36,44,45,52,"Your baby reached 'Plays simple cause-and-effect games' a bit earlier than average. Babies develop at their own pace, and early can be perfectly normal if your baby seems comfortable and happy.","'Plays simple cause-and-effect games' is within the usual range. Every baby is unique, and you’re supporting great development by responding to their cues and playing together.",Your baby is taking a little longer to reach 'Plays simple cause-and-effect games'. Many babies do skills slightly later and still grow typically. You can support this milestone with simple daily play.,"Because many babies have reached 'Plays simple cause-and-effect games' by now, it may help to mention this to your pediatrician, especially if you also have other concerns.",,,,
36,wk36_stacks_or_bangs_toys_together,Stacks or bangs toys together,fine_motor,Baby may bang two toys together or start trying to stack.,36,33,35,36,44,45,52,"Your baby reached 'Stacks or bangs toys together' a bit earlier than average. Babies develop at their own pace, and early can be perfectly normal if your baby seems comfortable and happy.","'Stacks or bangs toys together' is within the usual range. Every baby is unique, and you’re supporting great development by responding to their cues and playing together.",Your baby is taking a little longer to reach 'Stacks or bangs toys together'. Many babies do skills slightly later and still grow typically. You can support this milestone with simple daily play.,"Because many babies have reached 'Stacks or bangs toys together' by now, it may help to mention this to your pediatrician, especially if you also have other concerns.",Milestone Ahead,'Stacks or bangs toys together' showed up a little early. Every baby has their own pace—enjoy this moment.,Milestone Reached,'Stacks or bangs toys together' has been reached—lovely progress. Take a second to celebrate this stage.
37,wk37_explores_the_house_more,Explores the house more,gross_motor,Baby moves enough to require more babyproofing.,37,34,36,37,45,46,53,"Your baby reached 'Explores the house more' a bit earlier than average. Babies develop at their own pace, and early can be perfectly normal if your baby seems comfortable and happy.","'Explores the house more' is within the usual range. Every baby is unique, and you’re supporting great development by responding to their cues and playing together.","Gross motor skills like 'Explores the house more' can vary a lot. Encourage floor time, safe movement, and exploration. If you stay concerned, talk with your pediatrician.","If your baby still hasn’t reached 'Explores the house more' and you’re worried about strength or movement, it’s a good idea to speak with your pediatrician for guidance.",Milestone Ahead,'Explores the house more' showed up a little early. Every baby has their own pace—enjoy this moment.,Milestone Reached,'Explores the house more' has been reached—lovely progress. Take a second to celebrate this stage.
38,wk38_empties_shelves_or_containers,Empties shelves or containers,cognitive,"Baby loves taking things out of drawers, bins, or baskets.",38,35,37,38,46,47,54,"Your baby reached 'Empties shelves or containers' a bit earlier than average. Babies develop at their own pace, and early can be perfectly normal if your baby seems comfortable and happy.","'Empties shelves or containers' is within the usual range. Every baby is unique, and you’re supporting great development by responding to their cues and playing together.",Your baby is taking a little longer to reach 'Empties shelves or containers'. Many babies do skills slightly later and still grow typically. You can support this milestone with simple daily play.,"Because many babies have reached 'Empties shelves or containers' by now, it may help to mention this to your pediatrician, especially if you also have other concerns.",,,,
39,wk39_intense_mouthing_of_objects,Intense mouthing of objects,oral_sensory,Baby explores textures and shapes with the mouth.,39,36,38,39,47,48,55,"Your baby reached 'Intense mouthing of objects' a bit earlier than average. Babies develop at their own pace, and early can be perfectly normal if your baby seems comfortable and happy.","'Intense mouthing of objects' is within the usual range. Every baby is unique, and you’re supporting great development by responding to their cues and playing together.",Your baby is taking a little longer to reach 'Intense mouthing of objects'. Many babies do skills slightly later and still grow typically. You can support this milestone with simple daily play.,"Because many babies have reached 'Intense mouthing of objects' by now, it may help to mention this to your pediatrician, especially if you also have other concerns.",,,,
40,wk40_imitates_daily_routines,Imitates daily routines,cognitive,"Baby imitates brushing hair, using phone, or stirring with a spoon.",40,37,39,40,48,49,56,"Your baby reached 'Imitates daily routines' a bit earlier than average. Babies develop at their own pace, and early can be perfectly normal if your baby seems comfortable and happy.","'Imitates daily routines' is within the usual range. Every baby is unique, and you’re supporting great development by responding to their cues and playing together.",Your baby is taking a little longer to reach 'Imitates daily routines'. Many babies do skills slightly later and still grow typically. You can support this milestone with simple daily play.,"Because many babies have reached 'Imitates daily routines' by now, it may help to mention this to your pediatrician, especially if you also have other concerns.",,,,
40,wk40_waves_bye_bye_or_claps,Waves bye-bye or claps,social_emotional,Baby may wave or clap in response to you.,40,37,39,40,48,49,56,"Your baby is showing social-emotional milestone 'Waves bye-bye or claps' a bit early, which can be perfectly normal. Enjoy the connection and keep following their lead.","'Waves bye-bye or claps' is within the usual range. Every baby is unique, and you’re supporting great development by responding to their cues and playing together.","Social milestones like 'Waves bye-bye or claps' can vary. Offer face-to-face time, gentle play, and predictable routines to help your baby feel secure.","If you rarely see 'Waves bye-bye or claps' and your baby seems very hard to engage or comfort, it’s worth discussing this with your pediatrician.",Milestone Ahead,'Waves bye-bye or claps' showed up a little early. Every baby has their own pace—enjoy this moment.,Milestone Reached,'Waves bye-bye or claps' has been reached—lovely progress. Take a second to celebrate this stage.
41,wk41_repeats_favourite_books_or_games,Repeats favourite books or games,cognitive,Baby wants the same story or game again and again.,41,38,40,41,49,50,57,"Your baby reached 'Repeats favourite books or games' a bit earlier than average. Babies develop at their own pace, and early can be perfectly normal if your baby seems comfortable and happy.","'Repeats favourite books or games' is within the usual range. Every baby is unique, and you’re supporting great development by responding to their cues and playing together.",Your baby is taking a little longer to reach 'Repeats favourite books or games'. Many babies do skills slightly later and still grow typically. You can support this milestone with simple daily play.,"Because many babies have reached 'Repeats favourite books or games' by now, it may help to mention this to your pediatrician, especially if you also have other concerns.",,,,
42,wk42_stands_briefly_without_support,Stands briefly without support,gross_motor,Baby may let go of furniture and stand for a moment.,42,39,41,42,50,51,58,"Your baby reached 'Stands briefly without support' a bit earlier than average. Babies develop at their own pace, and early can be perfectly normal if your baby seems comfortable and happy.","'Stands briefly without support' is within the usual range. Every baby is unique, and you’re supporting great development by responding to their cues and playing together.","Gross motor skills like 'Stands briefly without support' can vary a lot. Encourage floor time, safe movement, and exploration. If you stay concerned, talk with your pediatrician.","If your baby still hasn’t reached 'Stands briefly without support' and you’re worried about strength or movement, it’s a good idea to speak with your pediatrician for guidance.",Milestone Ahead,'Stands briefly without support' showed up a little early. Every baby has their own pace—enjoy this moment.,Milestone Reached,'Stands briefly without support' has been reached—lovely progress. Take a second to celebrate this stage.
43,wk43_takes_a_few_independent_steps,Takes a few independent steps,gross_motor,Baby may take 1–3 wobbly steps alone.,43,40,42,43,51,52,59,"Your baby reached 'Takes a few independent steps' a bit earlier than average. Babies develop at their own pace, and early can be perfectly normal if your baby seems comfortable and happy.","'Takes a few independent steps' is within the usual range. Every baby is unique, and you’re supporting great development by responding to their cues and playing together.","Gross motor skills like 'Takes a few independent steps' can vary a lot. Encourage floor time, safe movement, and exploration. If you stay concerned, talk with your pediatrician.","If your baby still hasn’t reached 'Takes a few independent steps' and you’re worried about strength or movement, it’s a good idea to speak with your pediatrician for guidance.",Early Walker,Those first steps came early—get ready to chase!,Milestone Reached,'Takes a few independent steps' has been reached—lovely progress. Take a second to celebrate this stage.
43,wk43_responds_to_simple_questions,Responds to simple questions,language,Baby reacts appropriately to simple questions like 'Where's mama?',43,40,42,43,51,52,59,"Your baby reached 'Responds to simple questions' a bit earlier than average. Babies develop at their own pace, and early can be perfectly normal if your baby seems comfortable and happy.","'Responds to simple questions' is within the usual range. Every baby is unique, and you’re supporting great development by responding to their cues and playing together.","Communication skills like 'Responds to simple questions' can come a bit later for some babies. Talk, sing, name objects, and read out loud every day to support language.","If you don’t see signs of 'Responds to simple questions' and your baby also makes few sounds or responses, please bring this up with your pediatrician.",Milestone Ahead,'Responds to simple questions' showed up a little early. Every baby has their own pace—enjoy this moment.,Milestone Reached,'Responds to simple questions' has been reached—lovely progress. Take a second to celebrate this stage.
44,wk44_attempts_climbing,Attempts climbing,gross_motor,Baby tries to climb stairs or furniture with support.,44,41,43,44,52,53,60,"Your baby reached 'Attempts climbing' a bit earlier than average. Babies develop at their own pace, and early can be perfectly normal if your baby seems comfortable and happy.","'Attempts climbing' is within the usual range. Every baby is unique, and you’re supporting great development by responding to their cues and playing together.","Gross motor skills like 'Attempts climbing' can vary a lot. Encourage floor time, safe movement, and exploration. If you stay concerned, talk with your pediatrician.","If your baby still hasn’t reached 'Attempts climbing' and you’re worried about strength or movement, it’s a good idea to speak with your pediatrician for guidance.",Milestone Ahead,'Attempts climbing' showed up a little early. Every baby has their own pace—enjoy this moment.,Milestone Reached,'Attempts climbing' has been reached—lovely progress. Take a second to celebrate this stage.
45,wk45_self_feeding_with_fingers,Self-feeding with fingers,fine_motor,Baby picks up food and brings it to mouth independently.,45,42,44,45,53,54,61,"Your baby reached 'Self-feeding with fingers' a bit earlier than average. Babies develop at their own pace, and early can be perfectly normal if your baby seems comfortable and happy.","'Self-feeding with fingers' is within the usual range. Every baby is unique, and you’re supporting great development by responding to their cues and playing together.",Your baby is taking a little longer to reach 'Self-feeding with fingers'. Many babies do skills slightly later and still grow typically. You can support this milestone with simple daily play.,"Because many babies have reached 'Self-feeding with fingers' by now, it may help to mention this to your pediatrician, especially if you also have other concerns.",Milestone Ahead,'Self-feeding with fingers' showed up a little early. Every baby has their own pace—enjoy this moment.,Milestone Reached,'Self-feeding with fingers' has been reached—lovely progress. Take a second to celebrate this stage.
45,wk45_drinks_from_a_sippy_or_open_cup_with_help,Drinks from a sippy or open cup with help,feeding,Baby can practise drinking from a small cup with support.,45,42,44,45,53,54,61,"Your baby reached 'Drinks from a sippy or open cup with help' a bit earlier than average. Babies develop at their own pace, and early can be perfectly normal if your baby seems comfortable and happy.","'Drinks from a sippy or open cup with help' is within the usual range. Every baby is unique, and you’re supporting great development by responding to their cues and playing together.",Your baby is taking a little longer to reach 'Drinks from a sippy or open cup with help'. Many babies do skills slightly later and still grow typically. You can support this milestone with simple daily play.,"Because many babies have reached 'Drinks from a sippy or open cup with help' by now, it may help to mention this to your pediatrician, especially if you also have other concerns.",,,,
46,wk46_shows_strong_opinions,Shows strong opinions,social_emotional,"Baby resists some activities (diapers, dressing) and asserts preferences.",46,43,45,46,54,55,62,"Your baby is showing social-emotional milestone 'Shows strong opinions' a bit early, which can be perfectly normal. Enjoy the connection and keep following their lead.","'Shows strong opinions' is within the usual range. Every baby is unique, and you’re supporting great development by responding to their cues and playing together.","Social milestones like 'Shows strong opinions' can vary. Offer face-to-face time, gentle play, and predictable routines to help your baby feel secure.","If you rarely see 'Shows strong opinions' and your baby seems very hard to engage or comfort, it’s worth discussing this with your pediatrician.",Milestone Ahead,'Shows strong opinions' showed up a little early. Every baby has their own pace—enjoy this moment.,Milestone Reached,'Shows strong opinions' has been reached—lovely progress. Take a second to celebrate this stage.
47,wk47_follows_simple_instructions,Follows simple instructions,cognitive,Baby responds to simple directions like 'give it to me' or 'come here'.,47,44,46,47,55,56,63,"Your baby reached 'Follows simple instructions' a bit earlier than average. Babies develop at their own pace, and early can be perfectly normal if your baby seems comfortable and happy.","'Follows simple instructions' is within the usual range. Every baby is unique, and you’re supporting great development by responding to their cues and playing together.",Your baby is taking a little longer to reach 'Follows simple instructions'. Many babies do skills slightly later and still grow typically. You can support this milestone with simple daily play.,"Because many babies have reached 'Follows simple instructions' by now, it may help to mention this to your pediatrician, especially if you also have other concerns.",,,,
48,wk48_walks_holding_one_hand,Walks holding one hand,gross_motor,Baby walks while holding onto your hand for support.,48,45,47,48,56,57,64,"Your baby reached 'Walks holding one hand' a bit earlier than average. Babies develop at their own pace, and early can be perfectly normal if your baby seems comfortable and happy.","'Walks holding one hand' is within the usual range. Every baby is unique, and you’re supporting great development by responding to their cues and playing together.","Gross motor skills like 'Walks holding one hand' can vary a lot. Encourage floor time, safe movement, and exploration. If you stay concerned, talk with your pediatrician.","If your baby still hasn’t reached 'Walks holding one hand' and you’re worried about strength or movement, it’s a good idea to speak with your pediatrician for guidance.",Milestone Ahead,'Walks holding one hand' showed up a little early. Every baby has their own pace—enjoy this moment.,Milestone Reached,'Walks holding one hand' has been reached—lovely progress. Take a second to celebrate this stage.
49,wk49_increased_independence_and_clinginess,Increased independence and clinginess,social_emotional,Baby alternates between exploring and returning for reassurance.,49,46,48,49,57,58,65,"Your baby is showing social-emotional milestone 'Increased independence and clinginess' a bit early, which can be perfectly normal. Enjoy the connection and keep following their lead.","'Increased independence and clinginess' is within the usual range. Every baby is unique, and you’re supporting great development by responding to their cues and playing together.","Social milestones like 'Increased independence and clinginess' can vary. Offer face-to-face time, gentle play, and predictable routines to help your baby feel secure.","If you rarely see 'Increased independence and clinginess' and your baby seems very hard to engage or comfort, it’s worth discussing this with your pediatrician.",Milestone Ahead,'Increased independence and clinginess' showed up a little early. Every baby has their own pace—enjoy this moment.,Milestone Reached,'Increased independence and clinginess' has been reached—lovely progress. Take a second to celebrate this stage.
50,wk50_resists_bedtime_more_actively,Resists bedtime more actively,regulation,Baby may protest sleep as mobility and curiosity increase.,50,47,49,50,58,59,66,"Your baby reached 'Resists bedtime more actively' a bit earlier than average. Babies develop at their own pace, and early can be perfectly normal if your baby seems comfortable and happy.","'Resists bedtime more actively' is within the usual range. Every baby is unique, and you’re supporting great development by responding to their cues and playing together.",Your baby is taking a little longer to reach 'Resists bedtime more actively'. Many babies do skills slightly later and still grow typically. You can support this milestone with simple daily play.,"Because many babies have reached 'Resists bedtime more actively' by now, it may help to mention this to your pediatrician, especially if you also have other concerns.",,,,
51,wk51_handles_multiple_objects_cleverly,Handles multiple objects cleverly,cognitive,"Baby carries more than one object, tucks toys under arm or in containers.",51,48,50,51,59,60,67,"Your baby reached 'Handles multiple objects cleverly' a bit earlier than average. Babies develop at their own pace, and early can be perfectly normal if your baby seems comfortable and happy.","'Handles multiple objects cleverly' is within the usual range. Every baby is unique, and you’re supporting great development by responding to their cues and playing together.",Your baby is taking a little longer to reach 'Handles multiple objects cleverly'. Many babies do skills slightly later and still grow typically. You can support this milestone with simple daily play.,"Because many babies have reached 'Handles multiple objects cleverly' by now, it may help to mention this to your pediatrician, especially if you also have other concerns.",,,,
52,wk52_uses_first_meaningful_word,Uses first meaningful word,language,Baby uses a word like 'mama' or 'dada' to mean a specific person.,52,40,48,49,64,65,72,"Your baby reached 'Uses first meaningful word' a bit earlier than average. Babies develop at their own pace, and early can be perfectly normal if your baby seems comfortable and happy.","'Uses first meaningful word' is within the usual range. Every baby is unique, and you’re supporting great development by responding to their cues and playing together.","Communication skills like 'Uses first meaningful word' can come a bit later for some babies. Talk, sing, name objects, and read out loud every day to support language.","If you don’t see signs of 'Uses first meaningful word' and your baby also makes few sounds or responses, please bring this up with your pediatrician.",Early Talker,Your baby spoke a real word ahead of the curve. Keep chatting and naming everything.,Milestone Reached,'Uses first meaningful word' has been reached—lovely progress. Take a second to celebrate this stage.
52,wk52_points_to_show_or_share_interest,Points to show or share interest,communication,Baby points toward interesting things to share them with you.,52,49,51,52,60,61,68,"Your baby reached 'Points to show or share interest' a bit earlier than average. Babies develop at their own pace, and early can be perfectly normal if your baby seems comfortable and happy.","'Points to show or share interest' is within the usual range. Every baby is unique, and you’re supporting great development by responding to their cues and playing together.","Communication skills like 'Points to show or share interest' can come a bit later for some babies. Talk, sing, name objects, and read out loud every day to support language.","If you don’t see signs of 'Points to show or share interest' and your baby also makes few sounds or responses, please bring this up with your pediatrician.",Milestone Ahead,'Points to show or share interest' showed up a little early. Every baby has their own pace—enjoy this moment.,Milestone Reached,'Points to show or share interest' has been reached—lovely progress. Take a second to celebrate this stage.
